id,first_name,last_name,email,gender,ip_address
1,Cissiee,Guilloneau,cguilloneau0@nydailynews.com,Female,221.97.206.117
2,Fredek,Abethell,fabethell1@tripod.com,Male,164.161.222.88
3,Florance,Emblen,femblen2@wp.com,Bigender,102.228.221.157
4,Lock,MacGillavery,lmacgillavery3@themeforest.net,Male,236.48.178.28
5,Agatha,Deinhardt,adeinhardt4@tuttocitta.it,Female,18.108.16.10
6,Raoul,Moakes,rmoakes5@auda.org.au,Male,231.206.55.197
7,Luis,Huggin,lhuggin6@psu.edu,Male,104.204.9.169
8,Shelli,Tuppeny,stuppeny7@biblegateway.com,Female,121.15.227.82
9,Caril,Courtonne,ccourtonne8@ft.com,Female,163.107.251.39
10,Marje,Rock,mrock9@wp.com,Female,221.87.134.26
11,Derek,Suston,dsustona@e-recht24.de,Bigender,167.63.87.149
12,Dalston,Comettoi,dcomettoib@bravesites.com,Male,165.243.252.126
13,Dori,Mattis,dmattisc@miibeian.gov.cn,Female,171.160.95.246
14,Danell,Road,droadd@issuu.com,Female,101.149.14.177
15,Venita,Haythorn,vhaythorne@symantec.com,Female,195.238.129.222
16,Teddy,Officer,tofficerf@amazon.de,Female,250.122.232.35
17,Annabella,Rowbottom,arowbottomg@cnet.com,Female,156.170.84.50
18,Bendite,Pocknell,bpocknellh@hhs.gov,Female,145.174.134.196
19,Estell,Sproston,esprostoni@nytimes.com,Female,142.100.129.208
20,Karon,Conichie,kconichiej@alibaba.com,Female,219.54.22.127
21,Dion,Trusty,dtrustyk@globo.com,Male,122.61.35.148
22,Corina,Andreotti,candreottil@scribd.com,Female,33.180.26.241
23,Ileana,Deniskevich,ideniskevichm@ihg.com,Female,234.179.64.28
24,Corella,Ambrosi,cambrosin@free.fr,Female,211.20.10.239
25,Urbano,O'Reagan,uoreagano@phoca.cz,Male,142.200.41.133
26,Viviana,Coorington,vcooringtonp@histats.com,Bigender,58.48.73.26
27,Florenza,Gehrts,fgehrtsq@bbb.org,Female,123.80.255.36
28,Kassia,Philipeau,kphilipeaur@squidoo.com,Female,219.181.21.57
29,Mayer,Fitzsymons,mfitzsymonss@toplist.cz,Male,153.108.158.129
30,Jyoti,Doyley,jdoyleyt@wordpress.org,Polygender,242.83.136.232
31,Antons,Edmonston,aedmonstonu@house.gov,Genderfluid,170.165.150.26
32,Budd,Kay,bkayv@wisc.edu,Male,112.86.55.86
33,Sam,Gianotti,sgianottiw@miibeian.gov.cn,Male,67.69.64.167
34,Barbe,Fourcade,bfourcadex@bloglines.com,Female,163.121.173.241
35,Darcie,Jorden,djordeny@sakura.ne.jp,Female,80.6.214.168
36,Saudra,Nelligan,snelliganz@home.pl,Female,29.27.16.211
37,Blondy,Gligorijevic,bgligorijevic10@bloglines.com,Female,74.31.105.230
38,Kinny,Murrells,kmurrells11@microsoft.com,Male,212.51.131.39
39,Ignacius,Comben,icomben12@pagesperso-orange.fr,Polygender,69.126.250.83
40,Jordanna,Bassingham,jbassingham13@pbs.org,Female,235.178.173.5
41,Katherina,Greenslade,kgreenslade14@oracle.com,Female,108.210.6.96
42,Ivie,Overstone,ioverstone15@bandcamp.com,Female,159.54.191.250
43,Giles,Shaylor,gshaylor16@mlb.com,Male,253.190.67.65
44,Else,Lutman,elutman17@nih.gov,Female,128.146.244.207
45,Herby,Ibbitt,hibbitt18@accuweather.com,Male,149.49.112.55
46,Joella,Rigge,jrigge19@sciencedaily.com,Female,193.197.97.148
47,Garnet,Sherel,gsherel1a@clickbank.net,Female,228.119.10.210
48,Erskine,Endersby,eendersby1b@jiathis.com,Bigender,142.111.219.220
49,Carmelita,Cardis,ccardis1c@goo.ne.jp,Female,181.112.26.67
50,Pascal,Zuanazzi,pzuanazzi1d@tamu.edu,Male,196.169.64.27
51,Ninetta,Dougary,ndougary1e@infoseek.co.jp,Female,122.177.127.76
52,Idaline,Khidr,ikhidr1f@answers.com,Female,167.70.78.108
53,Evangelin,Oylett,eoylett1g@virginia.edu,Female,62.49.245.131
54,Burch,Piatti,bpiatti1h@whitehouse.gov,Male,125.65.198.227
55,Clement,Merriman,cmerriman1i@xinhuanet.com,Male,69.36.141.24
56,Joyan,Tarbet,jtarbet1j@tripod.com,Female,102.128.67.80
57,Teodoor,Bowerbank,tbowerbank1k@over-blog.com,Male,226.231.63.30
58,Adolphus,Heindrick,aheindrick1l@de.vu,Agender,190.218.237.55
59,Lonee,Ditt,lditt1m@mlb.com,Genderqueer,86.15.90.198
60,Paten,Maw,pmaw1n@fda.gov,Male,147.19.230.156
61,Ladonna,Beseke,lbeseke1o@ed.gov,Female,156.184.57.118
62,Dwain,Klimschak,dklimschak1p@opensource.org,Male,3.169.34.151
63,Arch,Serman,aserman1q@google.it,Male,178.166.75.237
64,Clara,Ruston,cruston1r@google.com.au,Female,142.179.43.21
65,Haven,Grimmer,hgrimmer1s@hostgator.com,Non-binary,173.184.125.48
66,Nicolis,Knightly,nknightly1t@godaddy.com,Male,110.107.191.220
67,Gleda,Monteath,gmonteath1u@gizmodo.com,Female,214.14.15.191
68,Ninnette,Bremeyer,nbremeyer1v@nbcnews.com,Female,22.208.29.198
69,Carolin,Gier,cgier1w@yellowpages.com,Female,104.147.146.243
70,Blair,Huebner,bhuebner1x@vkontakte.ru,Male,79.94.134.223
71,Olivero,Showte,oshowte1y@miitbeian.gov.cn,Male,17.166.34.51
72,Clementina,Pyecroft,cpyecroft1z@webnode.com,Female,67.31.247.246
73,Tore,Kinnen,tkinnen20@a8.net,Male,91.153.36.158
74,Garfield,Howgego,ghowgego21@ft.com,Male,17.241.118.41
75,Lyndell,Syms,lsyms22@mac.com,Female,21.128.28.186
76,Roxine,Havik,rhavik23@disqus.com,Female,92.108.109.83
77,Hedwig,Bakster,hbakster24@vkontakte.ru,Female,64.144.181.128
78,Nico,Wellstead,nwellstead25@archive.org,Male,31.219.193.221
79,Giulio,Jirka,gjirka26@accuweather.com,Polygender,25.202.163.157
80,Kristofer,Farrin,kfarrin27@tuttocitta.it,Male,30.250.60.74
81,Alecia,Faulds,afaulds28@boston.com,Female,112.233.32.127
82,Guido,Bleby,gbleby29@vinaora.com,Male,150.193.101.164
83,Rod,Sothern,rsothern2a@sohu.com,Bigender,240.162.85.3
84,Gavin,Canto,gcanto2b@sun.com,Male,70.147.129.8
85,Raychel,Ockleshaw,rockleshaw2c@paginegialle.it,Female,207.196.109.166
86,Ceciley,Spridgen,cspridgen2d@comcast.net,Female,15.210.254.186
87,Jess,Reihill,jreihill2e@gizmodo.com,Male,95.74.80.131
88,Mariette,Kerswill,mkerswill2f@bloglines.com,Female,89.118.160.191
89,Clerissa,Brownell,cbrownell2g@nbcnews.com,Female,146.143.64.0
90,Giff,Snalham,gsnalham2h@mail.ru,Male,174.67.183.201
91,Judy,Reynold,jreynold2i@techcrunch.com,Genderqueer,205.90.99.84
92,Ingamar,Dundendale,idundendale2j@state.tx.us,Male,181.13.69.22
93,Tedra,Skentelbery,tskentelbery2k@wikia.com,Female,170.17.26.214
94,Nanni,Duce,nduce2l@shop-pro.jp,Female,48.169.133.87
95,Chrisse,Wattingham,cwattingham2m@rambler.ru,Male,179.116.191.160
96,Yoshi,Boys,yboys2n@altervista.org,Female,133.128.35.212
97,Merci,Woodwin,mwoodwin2o@rambler.ru,Female,96.203.86.53
98,Bald,Isaak,bisaak2p@usatoday.com,Male,221.144.188.155
99,Kev,Strodder,kstrodder2q@jimdo.com,Polygender,39.222.170.152
100,Heida,Broadberry,hbroadberry2r@goodreads.com,Polygender,250.166.75.45
101,Tine,Lansberry,tlansberry2s@patch.com,Female,32.68.124.25
102,Fred,Finnemore,ffinnemore2t@topsy.com,Male,8.130.107.142
103,Corrie,Forrestill,cforrestill2u@china.com.cn,Male,192.155.22.47
104,Karolina,Philbrook,kphilbrook2v@indiegogo.com,Female,43.149.205.120
105,Murdock,Bacon,mbacon2w@live.com,Male,67.231.173.159
106,Roobbie,Danihel,rdanihel2x@sina.com.cn,Female,244.99.223.31
107,Corbin,Whitrod,cwhitrod2y@blogs.com,Male,88.44.219.102
108,Elonore,Stemson,estemson2z@marriott.com,Female,188.71.19.141
109,Marsh,Ladell,mladell30@ed.gov,Male,59.37.225.64
110,Stacee,Densey,sdensey31@vinaora.com,Male,207.242.34.31
111,Cherie,Bavage,cbavage32@reddit.com,Female,150.183.198.116
112,Beth,O'Currigan,bocurrigan33@google.ca,Female,213.140.166.186
113,Javier,Slewcock,jslewcock34@webnode.com,Male,29.225.17.2
114,Dannye,Ivons,divons35@1688.com,Female,130.64.20.81
115,Obie,Arlt,oarlt36@geocities.jp,Male,194.222.127.181
116,Ilaire,Lafond,ilafond37@home.pl,Male,111.246.246.5
117,Phyllida,Fassbindler,pfassbindler38@so-net.ne.jp,Female,80.169.55.181
118,Ximenes,Rozenbaum,xrozenbaum39@hostgator.com,Male,126.33.172.232
119,Alasteir,Owen,aowen3a@nba.com,Genderfluid,205.109.222.232
120,Charlean,Brunicke,cbrunicke3b@spiegel.de,Agender,114.60.116.215
121,Flin,Gretton,fgretton3c@delicious.com,Male,64.156.226.139
122,Neall,Wilkison,nwilkison3d@netscape.com,Agender,246.82.107.237
123,Haroun,Sheerin,hsheerin3e@tumblr.com,Male,152.153.93.23
124,Rockie,Millin,rmillin3f@ezinearticles.com,Male,72.193.102.68
125,Leontyne,Vanni,lvanni3g@ebay.com,Female,68.64.225.177
126,Loni,Sorby,lsorby3h@springer.com,Agender,138.158.168.235
127,Onfre,Iorillo,oiorillo3i@google.com.hk,Genderfluid,10.151.124.224
128,Edmund,Bonus,ebonus3j@pagesperso-orange.fr,Male,129.224.86.54
129,Opal,Simakov,osimakov3k@feedburner.com,Female,96.97.26.213
130,Dione,Beinke,dbeinke3l@msn.com,Female,214.71.185.194
131,Gerri,Cains,gcains3m@boston.com,Female,149.19.196.165
132,Vivyanne,Kain,vkain3n@archive.org,Female,0.158.211.41
133,Lane,Henstone,lhenstone3o@artisteer.com,Female,252.154.95.74
134,Rennie,Courtese,rcourtese3p@webmd.com,Female,44.187.212.235
135,Ronnica,Riding,rriding3q@epa.gov,Female,72.15.144.191
136,Fayre,Kynastone,fkynastone3r@adobe.com,Female,183.140.103.248
137,Stanley,Ricciardiello,sricciardiello3s@sciencedirect.com,Male,201.37.175.163
138,Dimitri,Sabban,dsabban3t@paypal.com,Male,196.69.189.173
139,Haskel,Eldridge,heldridge3u@netlog.com,Male,15.196.221.177
140,Ettore,Mattusevich,emattusevich3v@delicious.com,Male,31.186.35.50
141,Arlene,Farens,afarens3w@paginegialle.it,Female,229.220.199.61
142,Gussi,MacCoveney,gmaccoveney3x@who.int,Female,61.230.114.118
143,Giselle,Pooley,gpooley3y@e-recht24.de,Female,237.124.102.246
144,Dick,Braganza,dbraganza3z@ameblo.jp,Male,26.205.223.139
145,Dalston,Dederick,ddederick40@hhs.gov,Male,216.99.87.205
146,Gusta,Agnew,gagnew41@flickr.com,Female,208.249.232.126
147,Sigismond,Mussolini,smussolini42@wikimedia.org,Male,15.104.245.5
148,Fritz,Dedman,fdedman43@yahoo.co.jp,Male,189.157.192.231
149,Wiatt,Heater,wheater44@europa.eu,Male,51.59.233.129
150,Sven,Huffadine,shuffadine45@myspace.com,Male,227.157.78.185
151,Beau,Clulee,bclulee46@yale.edu,Agender,158.55.184.168
152,Dulcia,Enevoldsen,denevoldsen47@dropbox.com,Female,21.12.198.179
153,Carolee,Rudram,crudram48@youtu.be,Female,170.210.249.157
154,Shadow,Klaaassen,sklaaassen49@cmu.edu,Male,225.187.20.79
155,Jesse,Olyfant,jolyfant4a@blinklist.com,Female,30.177.105.253
156,Chick,Retchford,cretchford4b@live.com,Male,90.143.55.87
157,Alard,Loader,aloader4c@adobe.com,Male,198.18.254.17
158,Tess,Castille,tcastille4d@homestead.com,Female,136.192.176.189
159,Vilhelmina,Beckey,vbeckey4e@si.edu,Female,83.11.39.45
160,Del,Dunwoody,ddunwoody4f@pcworld.com,Male,19.84.115.115
161,Brod,Binden,bbinden4g@apache.org,Male,25.124.148.170
162,Ethel,Pimlett,epimlett4h@infoseek.co.jp,Female,165.27.91.142
163,Jemima,Crocetti,jcrocetti4i@booking.com,Female,39.37.79.27
164,Silvain,Timpany,stimpany4j@netlog.com,Bigender,145.181.24.96
165,Lynnet,Rudsdell,lrudsdell4k@mozilla.com,Female,172.71.125.74
166,Domenic,Streatfeild,dstreatfeild4l@noaa.gov,Male,215.205.8.155
167,Lyon,Amesbury,lamesbury4m@posterous.com,Male,228.130.80.93
168,Rikki,Spackman,rspackman4n@google.es,Male,1.69.176.37
169,Ruddie,Mains,rmains4o@yellowbook.com,Male,129.90.234.80
170,Darb,Rounds,drounds4p@youku.com,Polygender,142.76.12.12
171,Domini,Shrieve,dshrieve4q@berkeley.edu,Female,163.181.102.166
172,Ellswerth,Doughtery,edoughtery4r@boston.com,Bigender,22.224.245.174
173,Keslie,Athey,kathey4s@tmall.com,Female,248.171.88.228
174,Lamar,Corona,lcorona4t@example.com,Male,125.207.231.151
175,Puff,Preuvost,ppreuvost4u@hhs.gov,Male,182.235.136.197
176,Justus,Pound,jpound4v@illinois.edu,Male,130.44.17.99
177,Yuma,Olerenshaw,yolerenshaw4w@indiatimes.com,Male,224.172.29.245
178,Haven,Piper,hpiper4x@etsy.com,Male,24.34.66.175
179,Che,Roseman,croseman4y@bravesites.com,Male,179.19.163.193
180,Rory,Christaeas,rchristaeas4z@livejournal.com,Polygender,9.100.148.233
181,Perla,Harnott,pharnott50@ocn.ne.jp,Female,145.10.173.236
182,Averill,Nottle,anottle51@hugedomains.com,Male,129.140.43.11
183,Marji,Markie,mmarkie52@jugem.jp,Genderqueer,58.69.36.189
184,Lucky,Alpin,lalpin53@paypal.com,Genderqueer,177.81.184.119
185,Vivyanne,Dwyer,vdwyer54@yandex.ru,Female,31.250.16.243
186,Lionello,Vaines,lvaines55@odnoklassniki.ru,Male,41.8.240.151
187,Derril,Rough,drough56@ocn.ne.jp,Male,242.236.0.112
188,Bale,Grealy,bgrealy57@mysql.com,Male,249.15.28.41
189,Carlynn,Simmens,csimmens58@soundcloud.com,Female,103.217.116.10
190,Ugo,Gerrels,ugerrels59@amazon.co.uk,Male,80.252.227.118
191,Horace,Confort,hconfort5a@blogspot.com,Male,58.17.144.214
192,Tallou,Manvelle,tmanvelle5b@soup.io,Female,119.11.56.166
193,Lowell,Bohills,lbohills5c@squidoo.com,Male,221.239.49.22
194,Timofei,Bennion,tbennion5d@yellowpages.com,Male,130.120.240.105
195,Curry,Clemmey,cclemmey5e@weebly.com,Genderfluid,240.200.102.74
196,Aluin,Pointon,apointon5f@domainmarket.com,Male,19.175.96.92
197,Ricca,Harding,rharding5g@va.gov,Female,230.86.15.43
198,Gerick,Heggie,gheggie5h@bandcamp.com,Male,209.241.245.95
199,Emmit,Itzkov,eitzkov5i@wordpress.org,Male,132.250.73.92
200,Izak,Budgett,ibudgett5j@squarespace.com,Male,166.236.61.9
201,Thoma,Oertzen,toertzen5k@ezinearticles.com,Genderfluid,55.157.16.119
202,Cheryl,Tidcombe,ctidcombe5l@springer.com,Female,196.148.163.172
203,Amabel,Huntar,ahuntar5m@webeden.co.uk,Genderfluid,223.88.94.198
204,Elston,Saward,esaward5n@shop-pro.jp,Male,10.21.190.251
205,Seamus,Lown,slown5o@springer.com,Male,69.233.196.102
206,Elise,Hewlings,ehewlings5p@godaddy.com,Female,181.58.243.222
207,Teador,Sharman,tsharman5q@google.cn,Male,231.156.25.26
208,Joyous,Rossborough,jrossborough5r@ucla.edu,Female,143.137.204.62
209,Chere,Nand,cnand5s@goo.ne.jp,Female,171.182.160.195
210,Pryce,Dennes,pdennes5t@wiley.com,Male,201.49.104.78
211,Tirrell,Anster,tanster5u@nature.com,Male,161.190.198.71
212,Edee,Lugden,elugden5v@newsvine.com,Bigender,111.158.250.31
213,Lucio,Rigolle,lrigolle5w@berkeley.edu,Male,113.111.157.69
214,Aube,Claris,aclaris5x@gmpg.org,Male,100.16.217.207
215,Dougy,Aprahamian,daprahamian5y@com.com,Male,4.25.141.62
216,Robena,Ehlerding,rehlerding5z@ed.gov,Female,134.222.229.183
217,Cassi,Wakeham,cwakeham60@fastcompany.com,Bigender,198.70.23.198
218,Jilly,Jaksic,jjaksic61@cnn.com,Female,20.89.156.112
219,Silvanus,Braker,sbraker62@wunderground.com,Genderqueer,170.92.202.149
220,Cathe,Camerana,ccamerana63@mediafire.com,Genderfluid,95.179.198.60
221,Neda,Reddish,nreddish64@msu.edu,Female,158.218.126.176
222,Kalindi,Thewles,kthewles65@businessweek.com,Non-binary,64.245.138.248
223,Basilius,Lorraway,blorraway66@toplist.cz,Polygender,62.237.2.207
224,Nikoletta,Bethune,nbethune67@blog.com,Female,133.203.8.114
225,Mata,Boullen,mboullen68@printfriendly.com,Male,155.5.44.38
226,Gaylor,Bridgstock,gbridgstock69@earthlink.net,Male,166.62.180.168
227,Clerkclaude,Bodley,cbodley6a@squarespace.com,Male,210.113.91.159
228,Tanner,Renoden,trenoden6b@webmd.com,Male,128.184.122.45
229,Yolande,Teulier,yteulier6c@squidoo.com,Female,127.111.196.227
230,Cherie,Gresswell,cgresswell6d@google.cn,Female,255.252.27.106
231,Letitia,Larby,llarby6e@acquirethisname.com,Female,34.16.106.86
232,Archibold,Pautard,apautard6f@cyberchimps.com,Male,78.255.166.228
233,De witt,Baughan,dbaughan6g@cbsnews.com,Male,26.11.214.225
234,Kai,Bartolomeu,kbartolomeu6h@goo.ne.jp,Female,51.90.14.248
235,Gweneth,Sones,gsones6i@yolasite.com,Female,215.207.135.65
236,Wain,Bentinck,wbentinck6j@about.com,Male,156.134.45.18
237,Annaliese,Coatsworth,acoatsworth6k@foxnews.com,Female,208.142.220.204
238,Read,Mortlock,rmortlock6l@quantcast.com,Male,242.119.78.14
239,Marta,O'Fallowne,mofallowne6m@mit.edu,Female,17.22.249.57
240,Jesselyn,Garfoot,jgarfoot6n@nasa.gov,Female,50.241.207.183
241,Francoise,Scrimgeour,fscrimgeour6o@stumbleupon.com,Female,198.47.48.192
242,Dael,Grafton-Herbert,dgraftonherbert6p@howstuffworks.com,Female,114.73.199.61
243,Phineas,Songest,psongest6q@feedburner.com,Male,49.136.122.99
244,Dougie,Stockhill,dstockhill6r@tumblr.com,Male,4.203.8.26
245,Georgy,Sambrook,gsambrook6s@umich.edu,Male,44.29.72.132
246,Lucio,Trobe,ltrobe6t@xrea.com,Male,123.96.227.48
247,Dagny,Dohrmann,ddohrmann6u@github.io,Male,167.56.108.71
248,Ileane,Jewett,ijewett6v@bandcamp.com,Female,187.241.60.53
249,Cal,Catterall,ccatterall6w@joomla.org,Female,116.218.172.249
250,Cris,Featonby,cfeatonby6x@foxnews.com,Female,123.45.9.178
251,Lavinie,Essel,lessel6y@psu.edu,Female,23.43.67.255
252,Mattias,McKeighan,mmckeighan6z@php.net,Male,155.57.135.44
253,Valentijn,Semper,vsemper70@g.co,Male,117.236.187.117
254,Maryellen,Wivell,mwivell71@weebly.com,Female,132.55.239.209
255,Elga,Divver,edivver72@ocn.ne.jp,Female,72.69.23.220
256,Gabbie,Edmondson,gedmondson73@answers.com,Male,243.67.154.240
257,Jade,Garken,jgarken74@about.com,Female,197.11.55.186
258,Haily,Tours,htours75@skype.com,Male,7.1.189.145
259,Barbi,Dabs,bdabs76@mysql.com,Female,10.174.4.41
260,Odelinda,Mathe,omathe77@ted.com,Female,79.55.217.74
261,Alex,Keaveney,akeaveney78@netvibes.com,Male,247.39.218.30
262,Archibald,Skoof,askoof79@fda.gov,Male,22.1.75.3
263,Casar,Jerred,cjerred7a@squarespace.com,Male,248.57.197.21
264,Alphonso,Schruurs,aschruurs7b@issuu.com,Male,251.138.222.29
265,Sidonia,Ollivierre,sollivierre7c@simplemachines.org,Non-binary,144.42.147.99
266,Alameda,Essam,aessam7d@time.com,Female,191.196.198.82
267,Gan,Lamplough,glamplough7e@china.com.cn,Male,188.213.229.39
268,Ludvig,Matokhnin,lmatokhnin7f@marketwatch.com,Male,108.201.56.242
269,Gustave,Gammidge,ggammidge7g@netlog.com,Male,93.206.73.110
270,Traver,Cheesman,tcheesman7h@chronoengine.com,Male,138.190.104.17
271,Berkeley,Prince,bprince7i@homestead.com,Male,120.99.87.120
272,Genia,Acum,gacum7j@hatena.ne.jp,Female,140.96.200.100
273,Ozzy,Jorcke,ojorcke7k@usnews.com,Male,244.199.96.89
274,Karney,Deniset,kdeniset7l@arstechnica.com,Male,243.5.193.138
275,Myer,Kentish,mkentish7m@aol.com,Male,222.185.197.204
276,Steffen,Poulsom,spoulsom7n@liveinternet.ru,Male,160.129.203.187
277,Nicola,Mustoo,nmustoo7o@list-manage.com,Female,217.133.57.38
278,Alfonse,Male,amale7p@wufoo.com,Male,234.229.174.22
279,Margalit,Grinham,mgrinham7q@sbwire.com,Non-binary,182.28.62.212
280,Rad,Iron,riron7r@theglobeandmail.com,Male,204.43.183.91
281,Philomena,Dener,pdener7s@t-online.de,Female,35.96.85.58
282,Eugen,Baggalley,ebaggalley7t@mozilla.com,Male,253.247.57.149
283,Jill,Bockmaster,jbockmaster7u@reference.com,Female,234.19.215.71
284,Elianora,Stansby,estansby7v@soup.io,Non-binary,235.223.90.101
285,Lamont,Dracey,ldracey7w@google.co.uk,Polygender,147.71.96.42
286,Jessee,Banasiak,jbanasiak7x@google.es,Male,153.74.96.33
287,Gabriela,Perrins,gperrins7y@bloomberg.com,Female,250.2.201.254
288,Burl,Ralfe,bralfe7z@un.org,Male,180.26.31.63
289,Reg,Blakeney,rblakeney80@angelfire.com,Male,136.69.35.236
290,Lorri,Butte,lbutte81@adobe.com,Genderqueer,12.81.227.184
291,Milka,MacClinton,mmacclinton82@narod.ru,Female,95.90.191.173
292,Marius,Simonetti,msimonetti83@i2i.jp,Male,177.187.38.111
293,Sander,Bentz,sbentz84@weebly.com,Male,205.231.208.25
294,Robert,Richichi,rrichichi85@hibu.com,Male,27.112.92.211
295,Anett,Laurens,alaurens86@bloglovin.com,Female,143.157.22.213
296,Sibilla,Bare,sbare87@so-net.ne.jp,Female,10.17.44.41
297,Yorgos,Liversidge,yliversidge88@arizona.edu,Male,156.112.29.104
298,Koressa,Pepin,kpepin89@squarespace.com,Female,195.253.112.108
299,Corinne,Facchini,cfacchini8a@angelfire.com,Genderfluid,228.159.35.105
300,Caterina,Maffioni,cmaffioni8b@foxnews.com,Female,140.175.102.68
301,Molly,Bitten,mbitten8c@ustream.tv,Bigender,223.231.185.73
302,Fletcher,Murthwaite,fmurthwaite8d@google.co.jp,Male,247.251.196.62
303,Toinette,McEttigen,tmcettigen8e@google.pl,Female,13.39.31.166
304,Jude,Arminger,jarminger8f@webmd.com,Male,116.116.59.123
305,Janaya,Tuckey,jtuckey8g@barnesandnoble.com,Female,235.193.89.146
306,Hector,Skelhorn,hskelhorn8h@squidoo.com,Male,92.218.57.88
307,Raine,Ropkes,rropkes8i@desdev.cn,Female,35.212.235.10
308,Ebonee,Roddam,eroddam8j@alibaba.com,Female,163.126.232.45
309,Marj,Bolland,mbolland8k@ning.com,Female,182.50.124.239
310,Risa,Ausher,rausher8l@wired.com,Female,185.49.189.99
311,Kilian,Ambrogio,kambrogio8m@nationalgeographic.com,Male,27.173.24.172
312,Alis,Enrique,aenrique8n@wsj.com,Female,142.14.48.108
313,Broddy,Fitzsimmons,bfitzsimmons8o@cnbc.com,Male,42.192.246.12
314,Demetre,Glaze,dglaze8p@purevolume.com,Male,202.201.123.176
315,Julienne,Trimme,jtrimme8q@blogs.com,Genderqueer,49.52.176.154
316,Humbert,Dunlop,hdunlop8r@discuz.net,Male,41.208.141.104
317,Dannie,Allerton,dallerton8s@lycos.com,Male,72.57.34.231
318,Arnold,Dakin,adakin8t@google.com.au,Male,213.105.82.213
319,Cart,Wollard,cwollard8u@1688.com,Male,154.77.161.149
320,Bambie,Brown,bbrown8v@imdb.com,Female,140.6.84.207
321,Anetta,Jacqueme,ajacqueme8w@blogspot.com,Female,83.134.60.91
322,Shamus,Boggon,sboggon8x@illinois.edu,Male,115.194.32.223
323,Wynny,Basindale,wbasindale8y@addthis.com,Female,8.16.202.149
324,Jan,Labbet,jlabbet8z@nationalgeographic.com,Female,211.240.107.136
325,Siouxie,Cave,scave90@pbs.org,Genderfluid,23.7.242.72
326,Toiboid,Checchetelli,tchecchetelli91@jugem.jp,Male,60.203.97.147
327,Demeter,Gulk,dgulk92@delicious.com,Female,196.251.9.141
328,Lisle,Skitt,lskitt93@merriam-webster.com,Male,227.232.130.10
329,Tamiko,Poltone,tpoltone94@buzzfeed.com,Female,39.152.38.237
330,Dorisa,Norbury,dnorbury95@ucoz.com,Female,23.42.141.25
331,Sarene,Dible,sdible96@bloglovin.com,Female,183.72.79.90
332,Brittaney,Blakden,bblakden97@ftc.gov,Female,102.231.148.101
333,Desirae,Roblin,droblin98@dedecms.com,Female,255.65.95.141
334,Lottie,Morford,lmorford99@devhub.com,Female,13.238.250.43
335,Menard,Nunnery,mnunnery9a@51.la,Male,254.121.161.217
336,Maryjane,Tordoff,mtordoff9b@parallels.com,Polygender,125.92.194.99
337,Artemus,Caress,acaress9c@sbwire.com,Bigender,132.56.22.41
338,Marcelo,Hebborn,mhebborn9d@deviantart.com,Male,225.251.143.173
339,Fabiano,Petrushanko,fpetrushanko9e@google.ru,Male,40.218.50.1
340,Jesse,Barbey,jbarbey9f@cornell.edu,Male,224.175.165.93
341,Corey,Lawless,clawless9g@oakley.com,Male,246.136.246.152
342,Cassandra,Yetts,cyetts9h@mashable.com,Female,218.79.156.108
343,Skipton,Swatridge,sswatridge9i@opera.com,Male,231.124.177.137
344,Raimondo,Waplington,rwaplington9j@deviantart.com,Non-binary,193.7.96.150
345,Dale,Grinsdale,dgrinsdale9k@live.com,Female,126.172.163.103
346,Shurlocke,Patrickson,spatrickson9l@archive.org,Male,240.117.205.157
347,Birch,D'Souza,bdsouza9m@digg.com,Male,15.166.179.78
348,Bessy,Lickorish,blickorish9n@baidu.com,Female,179.46.0.247
349,Brose,Eisold,beisold9o@devhub.com,Male,222.68.93.233
350,Sawyere,Catford,scatford9p@indiegogo.com,Male,122.49.233.101
351,Eziechiele,Stripp,estripp9q@wired.com,Male,12.8.194.208
352,Laurice,Downton,ldownton9r@amazonaws.com,Female,137.45.73.18
353,Rowe,Troy,rtroy9s@gravatar.com,Female,147.136.43.237
354,Wendi,Grovier,wgrovier9t@dedecms.com,Female,109.234.148.91
355,Randi,Ewins,rewins9u@technorati.com,Male,227.85.56.120
356,Stacy,Pipworth,spipworth9v@cbslocal.com,Male,19.170.68.193
357,Bondy,Kelston,bkelston9w@youtu.be,Male,198.122.166.168
358,Gilberte,Garstang,ggarstang9x@tinypic.com,Female,202.68.104.246
359,Victoria,Rebert,vrebert9y@bluehost.com,Female,177.94.103.54
360,Vivianna,Charlton,vcharlton9z@zimbio.com,Female,3.206.152.136
361,Lorinda,Raspel,lraspela0@elegantthemes.com,Agender,68.150.243.158
362,Dermot,Courtman,dcourtmana1@sogou.com,Male,200.73.48.116
363,Nikola,McCadden,nmccaddena2@independent.co.uk,Male,27.195.53.161
364,Jonathan,Kemble,jkemblea3@hatena.ne.jp,Non-binary,9.171.233.139
365,Lauren,Hadlow,lhadlowa4@comsenz.com,Female,128.221.28.118
366,Cassandry,Lympany,clympanya5@vk.com,Female,3.212.48.16
367,Jermaine,Lucken,jluckena6@seattletimes.com,Male,181.59.150.207
368,Babara,Chadburn,bchadburna7@fotki.com,Female,159.64.63.136
369,Ashlie,Grigsby,agrigsbya8@prlog.org,Female,71.18.66.7
370,Giffer,Losbie,glosbiea9@auda.org.au,Male,166.198.171.62
371,Blythe,Corsor,bcorsoraa@ihg.com,Female,129.79.85.56
372,Al,St. Quentin,astquentinab@webnode.com,Agender,98.18.90.143
373,Druci,Durn,ddurnac@tinypic.com,Female,62.76.182.62
374,Madelaine,Kelloway,mkellowayad@blogs.com,Female,224.227.84.230
375,Willy,MacAree,wmacareeae@reverbnation.com,Female,13.35.161.159
376,Emmery,Senner,esenneraf@hhs.gov,Male,199.27.81.93
377,Tadeas,Plaster,tplasterag@i2i.jp,Male,159.213.15.213
378,Stu,McNalley,smcnalleyah@wikimedia.org,Polygender,141.16.7.236
379,Rosabella,Higginbottam,rhigginbottamai@yellowbook.com,Female,29.124.168.92
380,Bat,Pawsey,bpawseyaj@hao123.com,Male,194.205.96.94
381,Felipe,McGann,fmcgannak@google.com,Male,2.47.82.100
382,Dinnie,Dugald,ddugaldal@wufoo.com,Female,58.164.74.191
383,Frankie,Yard,fyardam@taobao.com,Male,206.204.234.124
384,Enos,Bleas,ebleasan@wunderground.com,Male,88.181.24.234
385,Wynny,Yvens,wyvensao@arizona.edu,Female,209.82.9.186
386,Alvina,Granger,agrangerap@networksolutions.com,Female,62.143.218.216
387,Melisent,Entwhistle,mentwhistleaq@hubpages.com,Female,127.10.69.131
388,Torie,Bartholat,tbartholatar@theatlantic.com,Female,123.96.18.29
389,Connie,Rowles,crowlesas@multiply.com,Female,254.196.218.247
390,Albert,Christiensen,achristiensenat@techcrunch.com,Male,58.129.157.156
391,Ainsley,Smeath,asmeathau@blinklist.com,Female,132.197.49.117
392,Job,Lilbourne,jlilbourneav@hhs.gov,Bigender,12.23.192.166
393,Lettie,Philipard,lphilipardaw@xing.com,Female,153.210.132.164
394,Ashlie,Maidment,amaidmentax@senate.gov,Female,68.252.108.192
395,Selie,Ridolfo,sridolfoay@devhub.com,Female,210.120.64.111
396,Allister,Georgot,ageorgotaz@imgur.com,Male,101.85.87.113
397,Joyann,Bailess,jbailessb0@netvibes.com,Female,190.223.12.95
398,Ginger,Willford,gwillfordb1@blogtalkradio.com,Female,120.174.148.65
399,Obed,Barriball,obarriballb2@exblog.jp,Male,221.124.92.111
400,Kim,Vowells,kvowellsb3@youtu.be,Non-binary,196.147.76.47
401,Felix,Gentric,fgentricb4@digg.com,Male,13.152.208.187
402,Judah,Searight,jsearightb5@nba.com,Male,194.187.254.200
403,Kingsley,Discombe,kdiscombeb6@xinhuanet.com,Male,222.181.206.39
404,Ernie,Perree,eperreeb7@domainmarket.com,Male,177.15.199.255
405,Lorette,Glas,lglasb8@ycombinator.com,Female,191.145.62.181
406,Briano,Warstall,bwarstallb9@whitehouse.gov,Male,68.149.233.33
407,Teddy,Dickerson,tdickersonba@cyberchimps.com,Female,246.204.114.18
408,Carma,Mann,cmannbb@paginegialle.it,Female,40.33.54.20
409,Ted,Renak,trenakbc@feedburner.com,Male,162.97.40.139
410,Cynthia,Liebmann,cliebmannbd@1688.com,Female,30.154.207.186
411,Ferdy,Milleton,fmilletonbe@taobao.com,Male,12.227.217.253
412,Lydie,Plessing,lplessingbf@psu.edu,Female,95.150.251.245
413,Nadeen,Fownes,nfownesbg@japanpost.jp,Female,190.232.105.211
414,Archibold,Yacob,ayacobbh@alibaba.com,Male,218.82.78.120
415,Vivyan,Tureville,vturevillebi@imageshack.us,Female,214.141.244.110
416,Elyn,Coppen,ecoppenbj@nydailynews.com,Female,10.225.229.82
417,Gordy,Kuhwald,gkuhwaldbk@soup.io,Male,217.38.246.47
418,Artair,Gravatt,agravattbl@usnews.com,Male,1.198.219.249
419,Ermin,Joslin,ejoslinbm@tripadvisor.com,Male,161.175.190.117
420,Berkly,Whittock,bwhittockbn@howstuffworks.com,Male,97.208.77.218
421,Riannon,Frankiss,rfrankissbo@hp.com,Female,24.225.124.238
422,Elmo,Tomasello,etomasellobp@mayoclinic.com,Male,177.131.64.138
423,Armand,Mulchrone,amulchronebq@wikimedia.org,Male,78.121.45.249
424,Hollie,Prujean,hprujeanbr@discovery.com,Bigender,33.29.142.252
425,Randall,D'Acth,rdacthbs@ft.com,Male,46.49.36.226
426,Caroline,Ledwith,cledwithbt@ning.com,Female,23.56.243.228
427,Farr,Falls,ffallsbu@netvibes.com,Male,180.207.198.69
428,Fletcher,Stubbings,fstubbingsbv@discuz.net,Male,71.34.78.108
429,Jillene,O'Crigane,jocriganebw@umich.edu,Female,35.42.143.67
430,Joane,Ceschelli,jceschellibx@slashdot.org,Female,23.231.75.154
431,Marv,Barras,mbarrasby@foxnews.com,Male,141.37.249.215
432,Dianna,Rosendorf,drosendorfbz@pcworld.com,Female,59.175.55.176
433,Gerty,Eckersall,geckersallc0@geocities.com,Female,25.232.115.144
434,Kellen,Edlin,kedlinc1@comcast.net,Male,17.73.37.200
435,Valida,Smead,vsmeadc2@ft.com,Bigender,15.140.229.169
436,Reamonn,Grube,rgrubec3@hugedomains.com,Bigender,101.117.90.83
437,Gwendolyn,Bassindale,gbassindalec4@mayoclinic.com,Female,198.244.210.92
438,Eduard,Strowthers,estrowthersc5@nasa.gov,Genderfluid,48.156.237.68
439,Enriqueta,Warmington,ewarmingtonc6@dailymotion.com,Female,106.237.235.188
440,Tamiko,Spowage,tspowagec7@homestead.com,Female,247.133.88.1
441,Evelyn,Rosenstock,erosenstockc8@economist.com,Female,107.0.232.9
442,Patrice,Ziems,pziemsc9@cyberchimps.com,Female,8.76.170.129
443,Will,Castellanos,wcastellanosca@fema.gov,Male,174.161.111.226
444,Alfonso,Scawen,ascawencb@reverbnation.com,Male,43.62.89.120
445,Kimbell,Philipot,kphilipotcc@tuttocitta.it,Male,168.24.215.53
446,Eadith,Kubec,ekubeccd@jiathis.com,Female,196.233.21.243
447,Franciska,Domotor,fdomotorce@oakley.com,Female,179.205.151.188
448,Briant,Clearley,bclearleycf@drupal.org,Male,14.134.124.160
449,Madel,Greatrakes,mgreatrakescg@irs.gov,Female,176.243.211.43
450,Kienan,MacEveley,kmaceveleych@qq.com,Male,24.10.131.94
451,Isidora,Lain,ilainci@unesco.org,Female,180.88.169.169
452,Mort,Tree,mtreecj@nsw.gov.au,Male,70.248.116.162
453,Mufi,Robatham,mrobathamck@hp.com,Female,22.199.142.138
454,Cullie,Mitchley,cmitchleycl@vinaora.com,Male,248.21.34.97
455,Matthiew,Cours,mcourscm@apple.com,Male,134.255.194.254
456,Shellie,Eriksson,serikssoncn@samsung.com,Female,199.195.222.99
457,Ronnie,McKimmie,rmckimmieco@ucla.edu,Female,234.249.173.60
458,Berti,Speedy,bspeedycp@spotify.com,Female,212.114.183.20
459,Colas,Morey,cmoreycq@acquirethisname.com,Male,5.35.96.207
460,Jamie,Selbach,jselbachcr@technorati.com,Bigender,155.7.231.246
461,Dell,Rome,dromecs@devhub.com,Male,93.180.187.6
462,Malvin,Zylbermann,mzylbermannct@usda.gov,Male,151.249.125.49
463,Devon,Aubury,dauburycu@cocolog-nifty.com,Female,24.166.177.252
464,Adaline,Wedlock,awedlockcv@google.de,Female,114.211.11.231
465,Jeth,Sparrowhawk,jsparrowhawkcw@admin.ch,Male,34.162.192.50
466,Catina,Pawelczyk,cpawelczykcx@prnewswire.com,Female,154.208.80.182
467,Rafaellle,Chestle,rchestlecy@blogspot.com,Male,69.213.160.244
468,Mahmoud,Hallbird,mhallbirdcz@constantcontact.com,Male,253.79.100.82
469,Von,Fernandes,vfernandesd0@shop-pro.jp,Male,141.254.148.113
470,Ford,Baudic,fbaudicd1@geocities.com,Male,115.113.82.133
471,Jyoti,Cowsby,jcowsbyd2@timesonline.co.uk,Genderqueer,151.9.182.72
472,Gretna,McCafferky,gmccafferkyd3@prnewswire.com,Female,108.217.178.233
473,Wendell,Burston,wburstond4@de.vu,Male,111.184.255.23
474,Sim,Matthaus,smatthausd5@stanford.edu,Male,150.10.89.10
475,Lilia,Matchett,lmatchettd6@zimbio.com,Polygender,225.67.14.143
476,Sibylle,Benedidick,sbenedidickd7@prnewswire.com,Female,208.146.165.88
477,Olga,Barriball,obarriballd8@vinaora.com,Female,68.208.3.207
478,Ive,Canti,icantid9@phpbb.com,Male,194.72.25.186
479,Alys,Bray,abrayda@fc2.com,Female,199.112.195.248
480,Emlyn,Grunson,egrunsondb@webmd.com,Male,35.215.58.107
481,Gabbey,Seefeldt,gseefeldtdc@canalblog.com,Female,128.22.224.203
482,Tildi,Schwerin,tschwerindd@joomla.org,Female,247.128.89.181
483,Dan,Prosser,dprosserde@myspace.com,Male,50.54.175.164
484,Estell,Launder,elaunderdf@liveinternet.ru,Female,117.7.81.168
485,Lorine,Talks,ltalksdg@state.tx.us,Female,29.47.25.64
486,Shea,Jiroutek,sjiroutekdh@state.tx.us,Male,114.58.111.71
487,Krystyna,Gerleit,kgerleitdi@arizona.edu,Female,19.55.96.67
488,Jude,Dillintone,jdillintonedj@earthlink.net,Male,154.127.213.29
489,Madelin,Serjeant,mserjeantdk@privacy.gov.au,Female,206.206.194.145
490,Bradan,Waldron,bwaldrondl@soup.io,Male,233.186.180.19
491,Rosmunda,Peealess,rpeealessdm@mail.ru,Female,115.70.203.5
492,Mala,Adacot,madacotdn@plala.or.jp,Bigender,185.236.250.54
493,Stafford,Tongue,stonguedo@xinhuanet.com,Bigender,5.13.189.232
494,Mord,Flory,mflorydp@cloudflare.com,Male,71.71.62.8
495,Rosella,Petrol,rpetroldq@globo.com,Female,103.41.163.219
496,Mordecai,McGonagle,mmcgonagledr@fema.gov,Male,204.253.45.150
497,Zelig,Causbey,zcausbeyds@tinypic.com,Male,215.241.107.154
498,Mehetabel,Raittie,mraittiedt@com.com,Female,189.198.96.101
499,Reidar,Heliot,rheliotdu@wunderground.com,Male,167.75.126.144
500,Artemis,Brandrick,abrandrickdv@mediafire.com,Male,4.54.71.242
501,Marne,Kerrod,mkerroddw@digg.com,Female,128.217.88.7
502,Johnathan,Gubbin,jgubbindx@wisc.edu,Male,176.216.182.88
503,Maurise,Frawley,mfrawleydy@businesswire.com,Male,175.125.235.209
504,Libbey,Bowick,lbowickdz@cbslocal.com,Female,155.130.227.198
505,Karin,Rillstone,krillstonee0@hao123.com,Female,100.2.78.119
506,Marie,Gagen,mgagene1@geocities.jp,Female,186.139.228.98
507,Archaimbaud,Hurdedge,ahurdedgee2@state.tx.us,Male,137.226.181.78
508,Della,Pleat,dpleate3@foxnews.com,Female,179.128.157.159
509,Zak,Gurry,zgurrye4@plala.or.jp,Genderfluid,231.31.251.255
510,Ruthie,Thamelt,rthamelte5@bloglines.com,Female,67.239.235.199
511,Egor,Fleetham,efleethame6@google.fr,Male,58.183.87.186
512,Alain,Strothers,astrotherse7@apache.org,Male,27.155.162.182
513,Marve,Towns,mtownse8@bigcartel.com,Male,93.249.223.74
514,Jori,Linning,jlinninge9@purevolume.com,Female,153.34.211.137
515,Madlin,Colliford,mcollifordea@chronoengine.com,Genderfluid,22.169.152.157
516,Andrus,Lapides,alapideseb@disqus.com,Male,126.242.64.149
517,Wallie,Walpole,wwalpoleec@ft.com,Female,235.22.179.1
518,Billye,Clapston,bclapstoned@sina.com.cn,Female,205.39.161.245
519,Erica,Owbridge,eowbridgeee@fastcompany.com,Female,66.204.88.109
520,Robin,Beale,rbealeef@lycos.com,Male,249.212.104.19
521,Niki,Vassall,nvassalleg@google.co.jp,Female,62.178.231.142
522,Araldo,Chessun,achessuneh@cnet.com,Male,100.107.241.70
523,Westleigh,Pavett,wpavettei@theatlantic.com,Non-binary,185.234.46.237
524,Dorey,Vassar,dvassarej@booking.com,Male,106.149.197.63
525,Gabi,Mabe,gmabeek@ted.com,Male,220.208.8.43
526,Robbie,Harmston,rharmstonel@sphinn.com,Female,39.41.112.208
527,Georgia,Pinkney,gpinkneyem@rakuten.co.jp,Female,98.7.75.42
528,Genia,Buston,gbustonen@ibm.com,Genderfluid,174.24.220.109
529,Jeannette,Baskerfield,jbaskerfieldeo@chronoengine.com,Female,62.116.120.208
530,Lyell,Reynalds,lreynaldsep@salon.com,Male,120.95.4.247
531,Huberto,Coldham,hcoldhameq@buzzfeed.com,Male,184.148.6.19
532,Larine,Basnett,lbasnetter@nbcnews.com,Female,154.68.62.250
533,Velvet,Grisedale,vgrisedalees@themeforest.net,Female,32.10.126.189
534,Brook,Ivermee,bivermeeet@scribd.com,Male,18.180.155.99
535,Rosita,Merwede,rmerwedeeu@buzzfeed.com,Female,200.21.114.155
536,Chrystal,Braybrookes,cbraybrookesev@posterous.com,Female,97.100.18.241
537,Kendall,Sikora,ksikoraew@wordpress.org,Male,161.183.216.64
538,Guthrie,Marden,gmardenex@kickstarter.com,Male,142.136.179.201
539,Susi,Jickells,sjickellsey@nih.gov,Female,90.21.86.112
540,Terence,Blaase,tblaaseez@ft.com,Male,110.53.93.45
541,Clarie,Domenc,cdomencf0@paginegialle.it,Female,51.180.31.199
542,Sanderson,Lutton,sluttonf1@google.it,Male,130.112.60.12
543,Kimball,Begg,kbeggf2@sourceforge.net,Male,38.143.235.44
544,Coleen,Spikings,cspikingsf3@berkeley.edu,Female,89.208.53.226
545,Aleta,Slocumb,aslocumbf4@nymag.com,Non-binary,155.238.25.234
546,Gasper,Ranner,grannerf5@gmpg.org,Male,210.218.204.9
547,Sheilah,Thurlborn,sthurlbornf6@xrea.com,Female,248.28.165.214
548,Douglas,Bawcock,dbawcockf7@google.co.uk,Male,91.255.202.191
549,Allen,Shellcross,ashellcrossf8@dyndns.org,Male,113.55.224.99
550,Maynard,Terrington,mterringtonf9@tmall.com,Male,132.218.255.63
551,Athena,Twiddle,atwiddlefa@reuters.com,Female,17.161.154.95
552,Caralie,Sproule,csproulefb@over-blog.com,Female,229.25.199.111
553,Concordia,Hurl,churlfc@yelp.com,Female,236.77.73.149
554,Filia,Keneleyside,fkeneleysidefd@fema.gov,Female,90.197.148.194
555,Mufinella,Cominetti,mcominettife@cyberchimps.com,Female,190.202.145.235
556,Reinaldos,Yielding,ryieldingff@delicious.com,Male,232.215.156.99
557,Franciska,Maplethorp,fmaplethorpfg@example.com,Female,238.154.90.127
558,Ursula,Quantrell,uquantrellfh@homestead.com,Female,107.127.130.252
559,Stacy,Weatherhill,sweatherhillfi@netvibes.com,Female,48.219.163.217
560,Barret,Hatje,bhatjefj@nba.com,Male,58.164.141.40
561,Andrew,Sunner,asunnerfk@tripadvisor.com,Male,16.183.90.168
562,Foster,Prine,fprinefl@shop-pro.jp,Male,117.67.246.204
563,Dyana,Heaney,dheaneyfm@cisco.com,Female,208.147.133.133
564,Grethel,Losselyong,glosselyongfn@ameblo.jp,Bigender,71.144.166.122
565,Franky,Meharg,fmehargfo@ed.gov,Non-binary,232.51.223.44
566,Buddie,Twigg,btwiggfp@wikia.com,Male,158.143.30.75
567,Nikos,Sobtka,nsobtkafq@google.ca,Male,163.130.26.72
568,Westley,Franciotti,wfranciottifr@hhs.gov,Male,39.201.134.54
569,Gena,MacGauhy,gmacgauhyfs@deliciousdays.com,Female,10.13.224.247
570,Dasha,Foro,dforoft@live.com,Female,91.240.221.237
571,Kerby,Mitchely,kmitchelyfu@istockphoto.com,Male,112.13.142.65
572,Adamo,Ellin,aellinfv@soundcloud.com,Male,114.254.79.200
573,Sergent,Newall,snewallfw@gov.uk,Bigender,17.202.14.164
574,Gavra,Takis,gtakisfx@bigcartel.com,Female,19.204.3.43
575,Gwendolin,Josselsohn,gjosselsohnfy@51.la,Female,132.234.203.55
576,Sara-ann,Fanner,sfannerfz@home.pl,Female,100.81.243.33
577,Cary,Camerati,ccameratig0@github.com,Female,217.224.90.120
578,Cornela,Purser,cpurserg1@state.gov,Female,4.179.92.26
579,Fitzgerald,Yurevich,fyurevichg2@foxnews.com,Male,221.117.241.47
580,Barbaraanne,Castelain,bcastelaing3@cafepress.com,Female,219.151.142.104
581,Isidro,Cockerton,icockertong4@opensource.org,Male,139.5.66.42
582,Anastasia,Wittman,awittmang5@oakley.com,Female,183.109.176.31
583,Sibbie,Harrod,sharrodg6@sogou.com,Female,227.224.28.47
584,Jonie,Rogans,jrogansg7@barnesandnoble.com,Female,154.82.179.227
585,Homerus,Van Vuuren,hvanvuureng8@home.pl,Male,175.147.87.173
586,Mady,Cropp,mcroppg9@ovh.net,Female,138.102.247.184
587,Winona,Mattheissen,wmattheissenga@toplist.cz,Female,105.208.243.195
588,Quinn,Counter,qcountergb@360.cn,Female,88.131.225.37
589,Yehudi,Brody,ybrodygc@jiathis.com,Male,240.33.104.88
590,Winfield,Scarisbrick,wscarisbrickgd@cloudflare.com,Male,229.178.67.145
591,Dannie,Ondrich,dondrichge@hhs.gov,Male,178.150.170.13
592,Allard,Burnel,aburnelgf@bigcartel.com,Male,69.4.235.133
593,Daile,Meedendorpe,dmeedendorpegg@infoseek.co.jp,Genderfluid,16.203.173.66
594,Friedrick,Woollin,fwoollingh@weather.com,Male,114.134.224.159
595,Tonnie,Bolt,tboltgi@wix.com,Male,186.206.231.2
596,Lovell,Quarry,lquarrygj@smh.com.au,Male,2.205.87.148
597,Dolorita,Chalke,dchalkegk@opera.com,Bigender,103.91.148.251
598,Harmonie,Lamey,hlameygl@meetup.com,Female,179.59.137.168
599,Joya,Jennery,jjennerygm@mapquest.com,Female,104.0.52.220
600,Lynnea,Kiehne,lkiehnegn@baidu.com,Female,213.159.213.159
601,Murray,McGuire,mmcguirego@cnbc.com,Male,131.47.105.24
602,Devin,Burren,dburrengp@scribd.com,Male,147.103.188.91
603,Evonne,Pevsner,epevsnergq@xinhuanet.com,Female,171.15.20.78
604,Meredith,Burry,mburrygr@accuweather.com,Male,154.174.76.114
605,Jody,Belfitt,jbelfittgs@rediff.com,Female,34.4.189.167
606,Guido,MacCallum,gmaccallumgt@github.io,Male,132.26.204.96
607,Kelli,Tolumello,ktolumellogu@fc2.com,Female,149.177.18.169
608,Ninetta,Bawcock,nbawcockgv@jimdo.com,Non-binary,163.162.42.1
609,Ira,Tireman,itiremangw@hud.gov,Male,1.128.155.134
610,Adriaens,Flinn,aflinngx@scribd.com,Female,61.226.154.63
611,Celesta,Fulmen,cfulmengy@samsung.com,Female,94.34.25.214
612,Hanan,Volonte,hvolontegz@shop-pro.jp,Male,199.9.93.3
613,Fredrick,Huck,fhuckh0@spotify.com,Polygender,153.182.51.252
614,Lexine,Laidlaw,llaidlawh1@discuz.net,Female,154.223.190.38
615,Baldwin,Reckhouse,breckhouseh2@ed.gov,Male,246.57.240.85
616,Coleman,Berzen,cberzenh3@nsw.gov.au,Male,124.164.182.136
617,Hale,Jerams,hjeramsh4@uol.com.br,Genderfluid,126.15.40.26
618,Melesa,Jeaves,mjeavesh5@linkedin.com,Female,121.23.185.17
619,Haily,Sarchwell,hsarchwellh6@npr.org,Male,132.230.70.42
620,Hilliard,Dewitt,hdewitth7@cafepress.com,Male,153.52.37.67
621,Livy,Tamburi,ltamburih8@barnesandnoble.com,Female,238.131.101.127
622,Nobe,Ellins,nellinsh9@kickstarter.com,Male,136.87.65.231
623,Wendeline,Burdon,wburdonha@hubpages.com,Non-binary,173.77.188.38
624,Tori,Schout,tschouthb@wired.com,Female,21.151.75.99
625,Cathy,de Bullion,cdebullionhc@tinypic.com,Female,49.16.173.124
626,Brooks,Brickhill,bbrickhillhd@japanpost.jp,Genderqueer,121.202.146.178
627,Cristine,Quennell,cquennellhe@latimes.com,Female,33.141.132.67
628,Belita,Boulsher,bboulsherhf@bloglines.com,Female,33.213.165.225
629,Annnora,Hillin,ahillinhg@devhub.com,Female,153.182.120.72
630,Baldwin,Pandie,bpandiehh@livejournal.com,Male,22.12.118.28
631,Karrie,Danelutti,kdaneluttihi@addthis.com,Female,111.6.221.153
632,Carl,Aiskrigg,caiskrigghj@facebook.com,Male,127.77.119.11
633,Ray,Kleeborn,rkleebornhk@nyu.edu,Female,45.189.248.159
634,Bing,Belloch,bbellochhl@ed.gov,Male,135.165.142.16
635,Cory,Avo,cavohm@buzzfeed.com,Non-binary,125.61.118.148
636,Courtney,Capes,ccapeshn@bizjournals.com,Genderfluid,7.243.40.2
637,Leonerd,Sebrens,lsebrensho@toplist.cz,Bigender,105.36.170.124
638,Jenny,Pedri,jpedrihp@prnewswire.com,Female,214.114.119.208
639,Em,Golborne,egolbornehq@biblegateway.com,Female,196.193.41.15
640,Ines,Chattaway,ichattawayhr@csmonitor.com,Female,250.8.107.244
641,Doralin,Luxen,dluxenhs@topsy.com,Female,35.103.36.80
642,Bertrand,MacArthur,bmacarthurht@oakley.com,Male,141.216.141.170
643,Jeffie,Roxbee,jroxbeehu@ning.com,Genderfluid,57.75.119.80
644,Sileas,Couch,scouchhv@washingtonpost.com,Genderfluid,133.0.224.208
645,Georgiana,Topliss,gtoplisshw@etsy.com,Polygender,182.33.77.159
646,Jethro,Collier,jcollierhx@php.net,Male,52.103.96.253
647,Coleen,Davidovic,cdavidovichy@wikimedia.org,Female,116.180.36.17
648,Cletus,Thirwell,cthirwellhz@hp.com,Male,77.152.98.159
649,Hardy,Itzkovwitch,hitzkovwitchi0@techcrunch.com,Agender,113.158.178.174
650,Blane,Ashmore,bashmorei1@sciencedirect.com,Male,204.219.169.109
651,Humfrid,Dusting,hdustingi2@foxnews.com,Male,153.224.212.159
652,Lisle,Wiggans,lwiggansi3@is.gd,Male,226.201.115.102
653,Norbie,Pablos,npablosi4@businessinsider.com,Male,43.95.75.168
654,Herbert,Knapp,hknappi5@ca.gov,Male,158.115.54.143
655,Jewel,Wenger,jwengeri6@epa.gov,Female,96.158.194.112
656,Artur,Kennady,akennadyi7@indiegogo.com,Male,135.253.110.161
657,Trumann,Domnick,tdomnicki8@bigcartel.com,Male,210.230.8.190
658,Rikki,Avis,ravisi9@archive.org,Agender,221.5.133.60
659,Gertrude,Grigoriev,ggrigorievia@wiley.com,Female,249.255.10.170
660,Nicolina,Cosgrive,ncosgriveib@economist.com,Genderfluid,99.136.3.87
661,Alida,Caswill,acaswillic@blogger.com,Female,209.15.204.51
662,Lori,Crayden,lcraydenid@indiatimes.com,Female,151.42.116.237
663,Ker,Bardnam,kbardnamie@parallels.com,Male,106.255.113.94
664,Debbi,Manion,dmanionif@amazon.com,Female,213.192.168.255
665,Adair,Worsnop,aworsnopig@joomla.org,Male,78.22.164.196
666,Case,Craighead,ccraigheadih@myspace.com,Male,174.196.233.137
667,Ynes,Goymer,ygoymerii@free.fr,Female,169.1.98.180
668,Audy,Temby,atembyij@weather.com,Genderqueer,177.225.97.108
669,Mayer,Tumpane,mtumpaneik@artisteer.com,Male,151.158.157.95
670,Hew,Bramwell,hbramwellil@buzzfeed.com,Male,228.252.110.52
671,Lula,Davidof,ldavidofim@ted.com,Female,90.155.65.0
672,Krishna,Slott,kslottin@google.com.br,Male,9.181.4.54
673,Cassandre,Tilzey,ctilzeyio@yelp.com,Female,15.227.26.42
674,Brice,Hounson,bhounsonip@ibm.com,Male,55.2.33.99
675,Brod,Fridaye,bfridayeiq@vk.com,Male,69.122.16.1
676,Kelley,Fillon,kfillonir@squarespace.com,Female,133.59.91.55
677,Julina,Camel,jcamelis@dedecms.com,Female,50.226.0.141
678,Nadiya,Paten,npatenit@cyberchimps.com,Female,140.68.72.223
679,Bonnee,Paine,bpaineiu@360.cn,Female,116.165.78.134
680,Elyse,O'Kenny,eokennyiv@goodreads.com,Female,8.104.35.193
681,Duffy,Dumbare,ddumbareiw@cocolog-nifty.com,Male,238.234.52.238
682,Ashlan,Gianulli,agianulliix@stumbleupon.com,Female,72.88.125.136
683,Jemie,Haskell,jhaskelliy@hexun.com,Female,49.158.232.145
684,Teirtza,Barthram,tbarthramiz@techcrunch.com,Female,84.183.65.130
685,Zach,O'Shee,zosheej0@illinois.edu,Male,246.253.19.141
686,Reggi,Joint,rjointj1@discovery.com,Female,112.245.87.206
687,Hughie,Sarsons,hsarsonsj2@google.de,Male,229.181.52.117
688,Fredericka,Merriment,fmerrimentj3@hud.gov,Polygender,106.199.232.111
689,Sullivan,Bernlin,sbernlinj4@wired.com,Male,30.132.66.227
690,Skipton,Rudland,srudlandj5@oaic.gov.au,Male,141.61.54.223
691,Mata,Towriss,mtowrissj6@vkontakte.ru,Male,1.12.48.18
692,Ruth,Imlock,rimlockj7@reference.com,Genderfluid,171.45.200.182
693,Hillary,Aspinal,haspinalj8@ed.gov,Female,38.169.243.210
694,Hugo,Murt,hmurtj9@live.com,Polygender,120.34.69.37
695,Frasquito,Fasler,ffaslerja@amazon.com,Male,75.108.181.243
696,Honey,Talmadge,htalmadgejb@aboutads.info,Female,154.184.153.22
697,Chuck,Poundsford,cpoundsfordjc@cocolog-nifty.com,Male,108.64.131.178
698,Abbey,Maunders,amaundersjd@sourceforge.net,Male,184.215.91.241
699,Irina,Colafate,icolafateje@prnewswire.com,Female,197.184.178.35
700,Eartha,MacVean,emacveanjf@bigcartel.com,Female,127.205.140.43
701,Brander,Iohananof,biohananofjg@reddit.com,Male,141.118.178.251
702,Thorin,Bloschke,tbloschkejh@spotify.com,Male,166.162.198.134
703,Vince,Egleton,vegletonji@timesonline.co.uk,Male,194.90.232.67
704,Ilaire,Klausewitz,iklausewitzjj@cnn.com,Male,15.178.80.40
705,Toiboid,Yeowell,tyeowelljk@ameblo.jp,Male,66.83.169.21
706,Trace,Larcier,tlarcierjl@youtube.com,Male,119.128.19.112
707,Karl,Yablsley,kyablsleyjm@flickr.com,Male,173.254.240.204
708,Matthaeus,Strettell,mstrettelljn@mac.com,Male,63.99.110.193
709,Betteann,Collabine,bcollabinejo@dailymotion.com,Female,59.10.226.164
710,Dayna,Gerrels,dgerrelsjp@topsy.com,Female,244.188.236.21
711,Leif,Haysham,lhayshamjq@nifty.com,Male,221.143.161.6
712,Viola,Lawler,vlawlerjr@jugem.jp,Female,157.163.129.193
713,Irwinn,Hannent,ihannentjs@geocities.jp,Male,220.55.212.72
714,Pattin,Cantrell,pcantrelljt@java.com,Male,80.117.81.216
715,Lonni,Scones,lsconesju@discovery.com,Female,197.229.194.104
716,Cosette,Dusting,cdustingjv@bizjournals.com,Female,203.84.180.3
717,Olive,Ramas,oramasjw@ucoz.ru,Female,46.239.134.236
718,Morten,Seabrocke,mseabrockejx@soundcloud.com,Genderqueer,96.32.14.40
719,Roanne,Del Checolo,rdelchecolojy@auda.org.au,Female,5.148.35.186
720,Bradney,Winscomb,bwinscombjz@kickstarter.com,Male,46.185.114.227
721,Geri,Hens,ghensk0@moonfruit.com,Female,141.202.154.210
722,Sonnnie,Hakking,shakkingk1@smh.com.au,Female,106.120.193.21
723,Cristian,Georgiev,cgeorgievk2@answers.com,Male,208.195.14.178
724,Riva,Vittel,rvittelk3@google.ru,Female,140.147.1.198
725,Estel,Meneer,emeneerk4@ftc.gov,Female,229.232.98.246
726,Gladi,Aimson,gaimsonk5@studiopress.com,Female,29.4.63.216
727,Mathian,Verma,mvermak6@yelp.com,Male,160.121.187.103
728,Orv,Terney,oterneyk7@usa.gov,Male,20.36.136.153
729,Harriet,Oldham,holdhamk8@sbwire.com,Female,128.30.226.170
730,Erl,Venner,evennerk9@umn.edu,Male,140.225.132.6
731,Cos,Woodburne,cwoodburneka@ow.ly,Male,149.150.46.10
732,Corina,McKiddin,cmckiddinkb@csmonitor.com,Female,165.103.183.139
733,Natassia,De Mico,ndemicokc@ocn.ne.jp,Agender,198.236.232.64
734,Josiah,Loyns,jloynskd@dyndns.org,Male,237.141.8.108
735,Falkner,Cowoppe,fcowoppeke@addtoany.com,Male,69.200.127.36
736,Hermon,Aldwich,haldwichkf@devhub.com,Male,137.155.255.171
737,Phillie,Lujan,plujankg@utexas.edu,Female,24.125.229.198
738,Lorene,Vitler,lvitlerkh@ocn.ne.jp,Genderqueer,102.27.197.196
739,Kandace,Caldecott,kcaldecottki@chronoengine.com,Female,207.254.240.137
740,Vite,Kearton,vkeartonkj@etsy.com,Male,63.120.80.241
741,Sidonia,Aherne,sahernekk@reuters.com,Female,4.41.209.68
742,Ganny,Kinnoch,gkinnochkl@aol.com,Male,73.200.202.142
743,Ahmed,Kime,akimekm@merriam-webster.com,Male,155.250.237.227
744,Dell,Dillinger,ddillingerkn@163.com,Female,184.151.136.117
745,Taber,Ambrosetti,tambrosettiko@dagondesign.com,Male,211.62.239.22
746,Vern,Eldred,veldredkp@uiuc.edu,Male,30.204.232.242
747,Martha,Hallin,mhallinkq@marketwatch.com,Female,187.191.97.131
748,Winna,Rowbotham,wrowbothamkr@ebay.co.uk,Female,253.35.70.247
749,Clayborne,Muckle,cmuckleks@youtu.be,Male,194.118.212.29
750,Shaughn,Bluschke,sbluschkekt@deliciousdays.com,Male,59.175.210.161
751,Adamo,Dermot,adermotku@drupal.org,Male,138.8.195.224
752,Quinton,Greste,qgrestekv@go.com,Male,26.59.64.37
753,Bobbie,Meaker,bmeakerkw@google.co.jp,Male,37.141.108.166
754,Aleta,Starrs,astarrskx@deviantart.com,Female,25.123.246.44
755,Marchelle,Bruhke,mbruhkeky@hc360.com,Female,230.8.124.141
756,Brigg,Stead,bsteadkz@unesco.org,Male,202.132.202.53
757,Freddie,Arstingall,farstingalll0@reference.com,Male,33.145.10.88
758,Livvie,Fellos,lfellosl1@indiatimes.com,Female,218.122.213.68
759,Stavros,Lydall,slydalll2@sogou.com,Male,90.74.220.216
760,Lonnie,Wressell,lwresselll3@miibeian.gov.cn,Female,98.188.208.140
761,Ted,Grugerr,tgrugerrl4@flickr.com,Female,222.51.246.60
762,Violette,Tortis,vtortisl5@bing.com,Female,24.240.216.174
763,Carly,Januszewicz,cjanuszewiczl6@quantcast.com,Male,175.211.106.128
764,Muffin,Johanchon,mjohanchonl7@harvard.edu,Male,26.220.19.23
765,Hillier,Oen,hoenl8@blogspot.com,Male,78.14.42.171
766,Ariella,Jouanot,ajouanotl9@techcrunch.com,Female,41.220.119.114
767,Elisha,O'Hederscoll,eohederscollla@twitter.com,Female,55.37.254.196
768,Raychel,Spensley,rspensleylb@hao123.com,Female,71.122.168.4
769,Denice,Sedgemond,dsedgemondlc@1688.com,Female,228.150.244.143
770,Merrily,Cubbon,mcubbonld@imdb.com,Female,74.226.226.244
771,Schuyler,Langstone,slangstonele@mediafire.com,Male,102.76.54.70
772,Leandra,Winterson,lwintersonlf@blog.com,Female,36.162.220.92
773,Myles,Self,mselflg@msu.edu,Male,184.176.48.131
774,Tricia,Lievesley,tlievesleylh@123-reg.co.uk,Genderqueer,205.227.67.15
775,Karlyn,McIllrick,kmcillrickli@geocities.com,Female,68.160.65.68
776,Ertha,Goodridge,egoodridgelj@purevolume.com,Female,141.116.60.207
777,Caroljean,Mullett,cmullettlk@dot.gov,Female,205.139.107.194
778,Garrick,Berr,gberrll@sitemeter.com,Male,183.29.204.155
779,Cherlyn,Atthowe,catthowelm@trellian.com,Polygender,133.170.224.37
780,Evelyn,Ablott,eablottln@liveinternet.ru,Male,7.111.175.117
781,Therine,Gaucher,tgaucherlo@imdb.com,Polygender,55.101.113.21
782,Leia,Burness,lburnesslp@arstechnica.com,Female,56.231.217.203
783,Regen,Pococke,rpocockelq@theglobeandmail.com,Agender,116.16.38.120
784,Liv,Willmer,lwillmerlr@businessinsider.com,Female,163.187.250.25
785,Suzie,Golson,sgolsonls@mediafire.com,Female,147.5.92.173
786,Sadie,Wantling,swantlinglt@nymag.com,Female,67.7.30.118
787,Titus,Flear,tflearlu@yelp.com,Male,93.106.100.32
788,Brittni,Haggarty,bhaggartylv@auda.org.au,Female,226.85.89.132
789,Wrennie,Riccard,wriccardlw@howstuffworks.com,Female,192.164.148.71
790,Rosco,Curston,rcurstonlx@mediafire.com,Male,188.247.218.156
791,Lind,Hitchens,lhitchensly@surveymonkey.com,Male,16.205.158.160
792,Ediva,Langer,elangerlz@wired.com,Female,142.247.250.42
793,Will,McMullen,wmcmullenm0@fastcompany.com,Male,42.64.155.184
794,Ruby,Bear,rbearm1@sfgate.com,Male,129.153.177.2
795,Linet,Peert,lpeertm2@ameblo.jp,Female,228.249.131.183
796,Ellen,Eakins,eeakinsm3@hubpages.com,Female,199.199.249.152
797,Joellyn,Carnow,jcarnowm4@google.cn,Genderqueer,242.38.65.119
798,Nicolea,Cobain,ncobainm5@wix.com,Female,35.254.228.80
799,Guss,O'Scandall,goscandallm6@mit.edu,Male,213.146.68.59
800,Sascha,Chatters,schattersm7@statcounter.com,Bigender,14.59.74.205
801,Leopold,Feldhammer,lfeldhammerm8@guardian.co.uk,Male,184.254.14.139
802,Leeanne,Lathe,llathem9@psu.edu,Female,35.194.88.179
803,Jaine,Antonetti,jantonettima@slate.com,Female,57.131.136.65
804,Vally,Petrescu,vpetrescumb@hc360.com,Female,68.110.101.37
805,Henrik,Devoy,hdevoymc@google.ca,Male,144.35.177.199
806,Elinor,Robison,erobisonmd@telegraph.co.uk,Female,120.75.225.182
807,Minnie,Gallaher,mgallaherme@twitter.com,Female,124.23.68.212
808,Griffie,Eastwood,geastwoodmf@twitter.com,Male,14.10.220.144
809,Esmaria,Penrith,epenrithmg@miitbeian.gov.cn,Female,192.114.201.143
810,Crawford,Hucks,chucksmh@cmu.edu,Polygender,109.246.113.83
811,Alwin,Riediger,ariedigermi@histats.com,Male,152.144.225.54
812,Shem,Olive,solivemj@amazon.co.uk,Male,90.151.10.88
813,Mamie,Buske,mbuskemk@ucla.edu,Female,84.236.43.184
814,Jackson,Trout,jtroutml@com.com,Male,117.26.149.92
815,Osbourn,Ibeson,oibesonmm@jimdo.com,Male,30.231.177.206
816,Web,Ginglell,wginglellmn@mapy.cz,Male,93.221.124.53
817,Jessica,Ruggiero,jruggieromo@cnn.com,Female,194.91.248.151
818,Rickey,Crowson,rcrowsonmp@cpanel.net,Male,222.102.177.29
819,Fletcher,Crumby,fcrumbymq@rambler.ru,Male,218.63.195.254
820,Oswald,Krzysztofiak,okrzysztofiakmr@ycombinator.com,Male,102.95.156.164
821,Sherm,Pountain,spountainms@sourceforge.net,Male,4.134.156.137
822,Cherie,Blesdill,cblesdillmt@toplist.cz,Genderqueer,12.196.228.30
823,Giulia,Brownfield,gbrownfieldmu@unesco.org,Female,94.196.251.140
824,Lev,Furmagier,lfurmagiermv@networksolutions.com,Male,146.246.198.50
825,Wilow,Sealy,wsealymw@google.es,Genderfluid,68.3.66.153
826,Rickie,Barthelme,rbarthelmemx@discovery.com,Female,21.165.58.189
827,Karlie,Rickerd,krickerdmy@oaic.gov.au,Female,253.4.37.64
828,Guilbert,Carrell,gcarrellmz@hc360.com,Male,189.75.28.168
829,Aldous,Bydaway,abydawayn0@e-recht24.de,Male,179.117.204.42
830,Aili,Monk,amonkn1@mtv.com,Female,82.55.215.16
831,Abdel,Maddyson,amaddysonn2@howstuffworks.com,Male,144.174.235.69
832,Flor,Colenutt,fcolenuttn3@miitbeian.gov.cn,Female,68.39.80.226
833,Ignacius,Kempson,ikempsonn4@wsj.com,Male,169.201.200.212
834,Nyssa,Rainville,nrainvillen5@cnbc.com,Genderfluid,186.204.120.139
835,Patience,Crosier,pcrosiern6@jigsy.com,Female,241.38.157.96
836,Janean,Hammor,jhammorn7@hc360.com,Genderqueer,63.147.115.202
837,Ambrose,Kubec,akubecn8@ask.com,Male,58.222.239.9
838,Kirstin,Stallybrass,kstallybrassn9@yahoo.com,Female,11.93.0.232
839,Mendy,Paridge,mparidgena@comsenz.com,Male,176.32.106.21
840,Artur,Markushkin,amarkushkinnb@ask.com,Male,181.133.55.80
841,Delphinia,Wasielewski,dwasielewskinc@aol.com,Female,27.32.93.22
842,Philipa,Ringe,pringend@com.com,Female,245.90.37.60
843,Tobi,Renault,trenaultne@arizona.edu,Female,240.251.198.114
844,Gaby,Lethieulier,glethieuliernf@dedecms.com,Male,37.100.237.20
845,Mel,MacKay,mmackayng@tmall.com,Female,82.205.233.12
846,Theodoric,MacNab,tmacnabnh@dailymotion.com,Male,44.164.28.206
847,Krishnah,Goullee,kgoulleeni@lulu.com,Male,168.215.24.230
848,Louella,Cleworth,lcleworthnj@webnode.com,Female,7.176.216.10
849,Blanch,MacAllester,bmacallesternk@patch.com,Bigender,177.106.94.226
850,Sybila,Biers,sbiersnl@linkedin.com,Female,36.205.114.236
851,Margarete,Ianni,mianninm@dell.com,Genderfluid,189.21.255.234
852,Olivia,Baser,obasernn@about.me,Female,198.244.38.158
853,Jerrome,Quinnet,jquinnetno@phoca.cz,Non-binary,56.116.190.74
854,Almire,Fetherstan,afetherstannp@ftc.gov,Female,216.244.193.106
855,Willow,Lavallin,wlavallinnq@networkadvertising.org,Female,15.240.165.200
856,Ancell,Firle,afirlenr@ask.com,Male,41.112.252.200
857,Freeland,Messier,fmessierns@bizjournals.com,Male,144.53.148.97
858,Tabby,Kobierski,tkobierskint@freewebs.com,Female,31.199.39.220
859,Umberto,Dutnall,udutnallnu@desdev.cn,Male,158.142.59.226
860,Ambrose,Lethem,alethemnv@friendfeed.com,Male,126.165.64.205
861,Roy,Jemmett,rjemmettnw@joomla.org,Male,167.98.1.150
862,Ron,Al Hirsi,ralhirsinx@tinyurl.com,Male,40.79.180.24
863,Melodee,Wingate,mwingateny@example.com,Female,132.144.243.175
864,Ephrayim,Sidey,esideynz@devhub.com,Male,85.148.40.22
865,Odelle,Di Ruggero,odiruggeroo0@furl.net,Female,81.170.26.66
866,Sondra,Woodall,swoodallo1@joomla.org,Female,19.197.161.199
867,Peyter,Sim,psimo2@mlb.com,Male,134.4.211.95
868,Merci,Huckin,mhuckino3@hao123.com,Genderfluid,53.104.58.74
869,Druci,Audus,dauduso4@skype.com,Agender,70.63.15.172
870,Mildred,Peggrem,mpeggremo5@infoseek.co.jp,Female,157.234.179.97
871,Johann,Jansema,jjansemao6@clickbank.net,Male,151.34.94.227
872,Hermina,Guild,hguildo7@jiathis.com,Female,88.3.38.183
873,Pepita,Exter,pextero8@cdc.gov,Female,144.189.99.117
874,Desiri,Tuffrey,dtuffreyo9@sogou.com,Female,172.105.30.183
875,Binny,Divall,bdivalloa@bloglines.com,Female,251.92.91.92
876,Keen,Tebboth,ktebbothob@meetup.com,Male,10.58.184.100
877,Letti,MacWhan,lmacwhanoc@fda.gov,Female,102.132.199.207
878,Bil,Olivey,boliveyod@yellowbook.com,Male,239.108.157.122
879,Leesa,Paireman,lpairemanoe@hostgator.com,Genderqueer,90.105.20.13
880,Darcie,Coller,dcollerof@mac.com,Female,209.177.42.63
881,Ileana,Askem,iaskemog@pagesperso-orange.fr,Female,157.161.200.15
882,Alix,Sowood,asowoodoh@oaic.gov.au,Agender,2.193.171.152
883,Geno,Gentzsch,ggentzschoi@exblog.jp,Male,87.250.211.84
884,Alano,Spreckley,aspreckleyoj@nsw.gov.au,Male,48.67.189.71
885,Malissa,Burdikin,mburdikinok@xrea.com,Female,53.198.86.19
886,Baryram,Tampen,btampenol@goo.ne.jp,Male,30.18.181.36
887,El,Hatzar,ehatzarom@china.com.cn,Male,37.21.34.72
888,Malory,Hayhoe,mhayhoeon@drupal.org,Female,218.164.163.12
889,Dory,Knowlson,dknowlsonoo@economist.com,Female,64.193.246.84
890,Penny,Aizkovitch,paizkovitchop@amazon.co.uk,Female,73.59.225.120
891,Milty,Jersh,mjershoq@ft.com,Male,0.32.184.0
892,Annecorinne,Perez,aperezor@e-recht24.de,Female,97.24.187.161
893,Nollie,Margach,nmargachos@about.me,Female,111.159.231.147
894,Brod,Duly,bdulyot@bandcamp.com,Polygender,37.180.71.173
895,Neal,Landreth,nlandrethou@macromedia.com,Male,52.245.209.186
896,Issi,Tesche,itescheov@dropbox.com,Female,194.158.221.86
897,Lezley,Sterrick,lsterrickow@weibo.com,Male,50.147.204.27
898,Shane,Kuschek,skuschekox@bandcamp.com,Female,176.90.228.148
899,Finlay,Sibbs,fsibbsoy@hc360.com,Male,91.247.246.18
900,Marrilee,Joliffe,mjoliffeoz@telegraph.co.uk,Female,57.112.143.105
901,Neddy,Doniso,ndonisop0@techcrunch.com,Male,197.234.239.131
902,Antoine,McClintock,amcclintockp1@youtu.be,Male,227.143.245.104
903,Umeko,Liff,uliffp2@kickstarter.com,Female,252.111.11.61
904,Flory,Doud,fdoudp3@marriott.com,Male,132.243.143.197
905,Claudell,Harry,charryp4@1688.com,Male,44.136.190.233
906,Darin,Cockshutt,dcockshuttp5@microsoft.com,Male,108.18.94.10
907,Ladonna,Mc Coughan,lmccoughanp6@va.gov,Female,156.32.204.204
908,Sashenka,Justun,sjustunp7@fda.gov,Female,145.9.46.165
909,Verne,Pietersen,vpietersenp8@addtoany.com,Bigender,219.239.115.195
910,Cheri,Roggers,croggersp9@nymag.com,Female,107.74.178.142
911,Willamina,Kinforth,wkinforthpa@howstuffworks.com,Female,171.242.31.211
912,Nicola,Dudmarsh,ndudmarshpb@cocolog-nifty.com,Male,48.28.31.118
913,Jerrome,Crosfield,jcrosfieldpc@wikimedia.org,Male,253.0.29.130
914,Rowen,Robson,rrobsonpd@fema.gov,Male,134.30.221.157
915,Allsun,Ferens,aferenspe@virginia.edu,Female,44.250.49.238
916,Jamison,Wittman,jwittmanpf@pagesperso-orange.fr,Male,21.96.242.254
917,Rustin,Percy,rpercypg@addtoany.com,Male,202.9.3.131
918,Fern,Renyard,frenyardph@ed.gov,Female,193.89.240.229
919,Charlena,Foden,cfodenpi@ft.com,Female,64.223.220.231
920,Britta,Claris,bclarispj@ox.ac.uk,Female,105.0.20.11
921,Cordelia,Loxly,cloxlypk@digg.com,Female,51.178.108.106
922,Jervis,Wallwork,jwallworkpl@nba.com,Male,94.197.146.89
923,Jules,Ector,jectorpm@xrea.com,Bigender,225.186.28.170
924,Mignon,Plank,mplankpn@mtv.com,Female,104.140.3.123
925,Brigham,Tincombe,btincombepo@abc.net.au,Male,140.118.58.188
926,Erny,Doe,edoepp@delicious.com,Male,146.171.220.44
927,Georas,Fleis,gfleispq@oracle.com,Male,57.146.233.71
928,Sylvia,Golby,sgolbypr@naver.com,Female,144.148.84.46
929,Lilith,Morford,lmorfordps@comsenz.com,Female,249.157.171.229
930,Salvador,Hewlings,shewlingspt@ucoz.ru,Male,206.199.224.250
931,Ki,Garbert,kgarbertpu@vinaora.com,Female,9.61.93.173
932,Dillon,Duran,dduranpv@weebly.com,Male,168.161.0.201
933,Renata,Aizic,raizicpw@surveymonkey.com,Polygender,21.162.202.139
934,Clo,Jenkins,cjenkinspx@skype.com,Non-binary,80.110.2.145
935,Susana,Lethbury,slethburypy@altervista.org,Polygender,170.61.231.87
936,Leonora,Burchell,lburchellpz@wp.com,Polygender,79.150.114.18
937,Lay,Farebrother,lfarebrotherq0@sakura.ne.jp,Male,0.0.3.77
938,Peta,Hackworthy,phackworthyq1@imdb.com,Female,220.36.66.208
939,Ignaz,Bendley,ibendleyq2@springer.com,Male,229.64.136.217
940,Myrwyn,Coye,mcoyeq3@kickstarter.com,Male,54.233.58.62
941,Giulietta,de Wilde,gdewildeq4@rediff.com,Female,184.235.217.248
942,Parrnell,Klasen,pklasenq5@wordpress.org,Male,56.96.49.206
943,Jimmie,Menilove,jmeniloveq6@issuu.com,Male,15.233.34.215
944,Cornelle,Butterly,cbutterlyq7@cisco.com,Female,58.114.41.249
945,Cleo,Reef,creefq8@youtu.be,Female,73.3.171.175
946,Iorgo,Levesque,ilevesqueq9@parallels.com,Male,47.195.130.51
947,Guilbert,Drain,gdrainqa@toplist.cz,Male,172.250.14.48
948,Padraig,Sercombe,psercombeqb@washingtonpost.com,Male,135.36.162.193
949,Charity,Terren,cterrenqc@weebly.com,Female,81.11.119.236
950,Dani,Plaskett,dplaskettqd@artisteer.com,Female,103.43.186.252
951,Garreth,Spiers,gspiersqe@joomla.org,Male,62.24.221.18
952,Mata,Mainwaring,mmainwaringqf@bloglines.com,Male,198.251.68.198
953,Juana,Gwinn,jgwinnqg@feedburner.com,Female,58.102.250.42
954,Mureil,Billett,mbillettqh@example.com,Female,22.180.127.250
955,Almeria,Broxholme,abroxholmeqi@hud.gov,Female,81.159.17.62
956,Egon,Trighton,etrightonqj@privacy.gov.au,Male,139.124.232.27
957,Pablo,Padwick,ppadwickqk@hhs.gov,Male,166.175.169.126
958,Martin,Kilgour,mkilgourql@elpais.com,Male,85.209.169.2
959,Robbie,Mattiato,rmattiatoqm@wsj.com,Female,45.12.0.1
960,Nadean,Conechie,nconechieqn@huffingtonpost.com,Female,55.234.173.20
961,Koral,Corstan,kcorstanqo@phoca.cz,Bigender,218.105.70.47
962,Tobie,Eggleston,tegglestonqp@nationalgeographic.com,Male,160.143.73.230
963,Germana,Donnison,gdonnisonqq@slate.com,Genderfluid,45.88.29.132
964,Tildi,Tineman,ttinemanqr@sciencedaily.com,Female,107.176.234.72
965,Bernard,Bareham,bbarehamqs@tripod.com,Male,249.228.62.31
966,Balduin,Ochterlony,bochterlonyqt@vkontakte.ru,Male,139.85.90.37
967,Janet,Stannas,jstannasqu@dmoz.org,Female,135.117.241.161
968,Nikolai,Forstall,nforstallqv@amazon.co.jp,Male,255.21.174.170
969,Barbaraanne,Schultze,bschultzeqw@archive.org,Female,160.86.108.235
970,Colin,Kleisle,ckleisleqx@sbwire.com,Bigender,6.70.253.137
971,Liuka,Kenworthey,lkenwortheyqy@google.ca,Female,235.228.92.235
972,Tiphanie,French,tfrenchqz@aboutads.info,Female,78.144.250.159
973,Francklyn,Issitt,fissittr0@ow.ly,Male,45.54.175.23
974,Alric,Daville,adaviller1@mit.edu,Male,247.137.181.196
975,Roderic,Huggill,rhuggillr2@dmoz.org,Male,140.225.229.229
976,Link,Hindrich,lhindrichr3@fema.gov,Genderqueer,244.187.92.3
977,Timmi,Huett,thuettr4@mozilla.com,Female,69.113.250.112
978,Filippo,Mongenot,fmongenotr5@freewebs.com,Male,235.3.85.103
979,Ileane,Reddick,ireddickr6@msn.com,Female,33.215.219.83
980,Charity,Flinn,cflinnr7@psu.edu,Female,239.41.159.153
981,Tedra,Gadie,tgadier8@jiathis.com,Female,39.178.161.177
982,Katharina,Fitch,kfitchr9@tinyurl.com,Female,114.208.92.246
983,Conny,Watting,cwattingra@ifeng.com,Agender,3.12.236.156
984,Laney,Swansbury,lswansburyrb@soup.io,Male,187.170.220.193
985,Marty,Walklot,mwalklotrc@yandex.ru,Genderfluid,73.155.183.143
986,Findlay,Cockshot,fcockshotrd@edublogs.org,Male,138.69.138.85
987,Datha,Tupper,dtupperre@nsw.gov.au,Female,182.81.168.71
988,Forrest,Showell,fshowellrf@ehow.com,Male,227.132.12.70
989,Nessy,Ebbens,nebbensrg@gnu.org,Female,221.52.198.12
990,Damaris,Dee,ddeerh@comcast.net,Non-binary,178.133.244.90
991,Farly,Goneau,fgoneauri@paypal.com,Male,233.26.88.88
992,Lorenza,Hacard,lhacardrj@pcworld.com,Non-binary,204.163.167.194
993,Maynard,Pretty,mprettyrk@earthlink.net,Male,31.70.34.235
994,Nicholle,Gethins,ngethinsrl@rakuten.co.jp,Female,128.98.147.18
995,Mort,Bridgen,mbridgenrm@epa.gov,Male,149.3.34.246
996,Lorelle,Dibley,ldibleyrn@ft.com,Female,68.76.233.240
997,Ninon,Devas,ndevasro@wordpress.com,Female,25.117.113.19
998,Alicea,Josilevich,ajosilevichrp@ucoz.com,Genderqueer,179.54.222.45
999,Mac,Carder,mcarderrq@wp.com,Male,122.117.93.60
1000,Andi,Raden,aradenrr@amazon.co.uk,Agender,147.71.31.214
